col1,col2,col3,col4,col5,col6,col7,col8
2012,Abreu e Lima,2600054,NORMAL,PESCA,,,"R$ 99929,50"
2013,Abreu e Lima,2600054,NORMAL,PESCA,118,118,"R$ 89519,72"
2014,Abreu e Lima,2600054,NORMAL,PESCA,168,162,"R$ 117934,40"
2015,Abreu e Lima,2600054,NORMAL,PESCA,170,170,"R$ 122260,44"
2016,Abreu e Lima,2600054,NORMAL,PESCA,129,129,"R$ 95276,64"
2017,Abreu e Lima,2600054,NORMAL,PESCA,111,111,"R$ 78786,24"
2018,Abreu e Lima,2600054,NORMAL,PESCA,101,101,"R$ 81076,00"
2019,Abreu e Lima,2600054,NORMAL,PESCA,78,77,"R$ 59801,60"
2020,Abreu e Lima,2600054,NORMAL,PESCA,78,77,"R$ 56226,00"
2021,Abreu e Lima,2600054,NORMAL,PESCA,78,77,"R$ 58036,40"
2012,Afogados da Ingazeira,2600104,NORMAL,PESCA,,,"R$ 9486,00"
2013,Afogados da Ingazeira,2600104,NORMAL,PESCA,17,17,"R$ 12888,08"
2014,Afogados da Ingazeira,2600104,NORMAL,PESCA,30,28,"R$ 19155,36"
2015,Afogados da Ingazeira,2600104,NORMAL,PESCA,54,54,"R$ 35091,24"
2016,Afogados da Ingazeira,2600104,NORMAL,PESCA,11,6,"R$ 3420,32"
2017,Afogados da Ingazeira,2600104,NORMAL,PESCA,7,7,"R$ 4468,32"
2018,Afogados da Ingazeira,2600104,NORMAL,PESCA,6,5,"R$ 3490,40"
2019,Afogados da Ingazeira,2600104,NORMAL,PESCA,6,1,"R$ 603,60"
2020,Afogados da Ingazeira,2600104,NORMAL,PESCA,6,1,"R$ 603,60"
2021,Afogados da Ingazeira,2600104,NORMAL,PESCA,6,1,"R$ 603,60"
2013,Afrânio,2600203,NORMAL,FRUTA,1,0,"R$ 0,00"
2012,Afrânio,2600203,NORMAL,PESCA,,,"R$ 27748,00"
2013,Afrânio,2600203,NORMAL,PESCA,78,77,"R$ 55140,36"
2014,Afrânio,2600203,NORMAL,PESCA,74,73,"R$ 50765,92"
2015,Afrânio,2600203,NORMAL,PESCA,79,79,"R$ 55845,56"
2017,Afrânio,2600203,NORMAL,PESCA,1,1,"R$ 1026,08"
2018,Afrânio,2600203,NORMAL,PESCA,1,1,"R$ 1127,60"
2013,Água Preta,2600401,NORMAL,CANA,999,980,"R$ 875346,35"
2014,Água Preta,2600401,NORMAL,CANA,1236,1214,"R$ 1081524,15"
2015,Água Preta,2600401,NORMAL,CANA,1071,1070,"R$ 940968,25"
2016,Água Preta,2600401,NORMAL,CANA,1027,1026,"R$ 921379,00"
2017,Água Preta,2600401,NORMAL,CANA,1013,1013,"R$ 921691,80"
2018,Água Preta,2600401,NORMAL,CANA,866,835,"R$ 809904,20"
2019,Água Preta,2600401,NORMAL,CANA,783,706,"R$ 755813,60"
2020,Água Preta,2600401,NORMAL,CANA,783,703,"R$ 755813,60"
2021,Água Preta,2600401,NORMAL,CANA,783,696,"R$ 743125,60"
2012,Águas Belas,2600500,NORMAL,PESCA,,,"R$ 21626,50"
2013,Águas Belas,2600500,NORMAL,PESCA,57,50,"R$ 30483,64"
2014,Águas Belas,2600500,NORMAL,PESCA,58,55,"R$ 35698,24"
2015,Águas Belas,2600500,NORMAL,PESCA,72,71,"R$ 47775,20"
2016,Águas Belas,2600500,NORMAL,PESCA,45,45,"R$ 27799,84"
2017,Águas Belas,2600500,NORMAL,PESCA,33,33,"R$ 20383,04"
2018,Águas Belas,2600500,NORMAL,PESCA,25,25,"R$ 14432,40"
2019,Águas Belas,2600500,NORMAL,PESCA,39,23,"R$ 14636,40"
2020,Águas Belas,2600500,NORMAL,PESCA,39,29,"R$ 18035,20"
2021,Águas Belas,2600500,NORMAL,PESCA,39,25,"R$ 13996,80"
2013,Aliança,2600708,NORMAL,CANA,1350,1323,"R$ 1136734,65"
2014,Aliança,2600708,NORMAL,CANA,1275,1260,"R$ 1046648,25"
2015,Aliança,2600708,NORMAL,CANA,1342,1339,"R$ 1124952,90"
2016,Aliança,2600708,NORMAL,CANA,1542,1539,"R$ 1332925,20"
2017,Aliança,2600708,NORMAL,CANA,1416,1415,"R$ 1227446,20"
2018,Aliança,2600708,NORMAL,CANA,1352,1347,"R$ 1296489,20"
2019,Aliança,2600708,NORMAL,CANA,1361,1082,"R$ 1147176,50"
2020,Aliança,2600708,NORMAL,CANA,1361,1083,"R$ 1147176,50"
2021,Aliança,2600708,NORMAL,CANA,1361,1064,"R$ 1113390,80"
2013,Amaraji,2600906,NORMAL,CANA,863,851,"R$ 747331,05"
2014,Amaraji,2600906,NORMAL,CANA,1112,963,"R$ 850965,45"
2015,Amaraji,2600906,NORMAL,CANA,1024,1017,"R$ 846459,90"
2016,Amaraji,2600906,NORMAL,CANA,1245,1158,"R$ 981589,40"
2017,Amaraji,2600906,NORMAL,CANA,1233,1231,"R$ 1059379,80"
2018,Amaraji,2600906,NORMAL,CANA,1582,1113,"R$ 1223387,90"
2019,Amaraji,2600906,NORMAL,CANA,1125,862,"R$ 910932,00"
2020,Amaraji,2600906,NORMAL,CANA,1125,859,"R$ 910932,00"
2021,Amaraji,2600906,NORMAL,CANA,1125,853,"R$ 891981,20"
2013,Araçoiaba,2601052,NORMAL,CANA,621,606,"R$ 511483,40"
2014,Araçoiaba,2601052,NORMAL,CANA,612,594,"R$ 490461,80"
2015,Araçoiaba,2601052,NORMAL,CANA,596,595,"R$ 481276,80"
2016,Araçoiaba,2601052,NORMAL,CANA,737,737,"R$ 632278,80"
2017,Araçoiaba,2601052,NORMAL,CANA,858,858,"R$ 736573,00"
2018,Araçoiaba,2601052,NORMAL,CANA,924,893,"R$ 843916,70"
2019,Araçoiaba,2601052,NORMAL,CANA,990,937,"R$ 983946,00"
2020,Araçoiaba,2601052,NORMAL,CANA,990,940,"R$ 983946,00"
2021,Araçoiaba,2601052,NORMAL,CANA,990,923,"R$ 973070,80"
2013,Araripina,2601102,NORMAL,PESCA,21,21,"R$ 13973,48"
2014,Araripina,2601102,NORMAL,PESCA,25,22,"R$ 15729,12"
2015,Araripina,2601102,NORMAL,PESCA,22,22,"R$ 16298,12"
2016,Araripina,2601102,NORMAL,PESCA,11,11,"R$ 6904,32"
2017,Araripina,2601102,NORMAL,PESCA,16,16,"R$ 12034,72"
2018,Araripina,2601102,NORMAL,PESCA,12,12,"R$ 8744,80"
2013,Barra de Guabiraba,2601300,NORMAL,CANA,237,233,"R$ 187260,95"
2014,Barra de Guabiraba,2601300,NORMAL,CANA,215,212,"R$ 171159,60"
2015,Barra de Guabiraba,2601300,NORMAL,CANA,194,194,"R$ 155603,80"
2016,Barra de Guabiraba,2601300,NORMAL,CANA,170,170,"R$ 145605,60"
2017,Barra de Guabiraba,2601300,NORMAL,CANA,120,120,"R$ 100101,80"
2018,Barra de Guabiraba,2601300,NORMAL,CANA,116,116,"R$ 102537,60"
2019,Barra de Guabiraba,2601300,NORMAL,CANA,106,103,"R$ 108764,00"
2020,Barra de Guabiraba,2601300,NORMAL,CANA,106,102,"R$ 108764,00"
2021,Barra de Guabiraba,2601300,NORMAL,CANA,106,101,"R$ 105776,00"
2013,Barreiros,2601409,NORMAL,CANA,1342,1301,"R$ 1098582,85"
2014,Barreiros,2601409,NORMAL,CANA,1276,1244,"R$ 1046102,75"
2015,Barreiros,2601409,NORMAL,CANA,1266,1264,"R$ 1076051,05"
2016,Barreiros,2601409,NORMAL,CANA,1170,1167,"R$ 1020403,20"
2017,Barreiros,2601409,NORMAL,CANA,1141,1140,"R$ 994167,40"
2018,Barreiros,2601409,NORMAL,CANA,945,898,"R$ 878668,90"
2019,Barreiros,2601409,NORMAL,CANA,1000,956,"R$ 981975,20"
2020,Barreiros,2601409,NORMAL,CANA,1000,959,"R$ 981975,20"
2021,Barreiros,2601409,NORMAL,CANA,1000,947,"R$ 975414,80"
2012,Barreiros,2601409,NORMAL,PESCA,,,"R$ 105550,50"
2013,Barreiros,2601409,NORMAL,PESCA,68,67,"R$ 55826,96"
2014,Barreiros,2601409,NORMAL,PESCA,125,123,"R$ 92778,40"
2015,Barreiros,2601409,NORMAL,PESCA,151,151,"R$ 107854,08"
2016,Barreiros,2601409,NORMAL,PESCA,118,103,"R$ 78240,80"
2017,Barreiros,2601409,NORMAL,PESCA,94,94,"R$ 67187,20"
2018,Barreiros,2601409,NORMAL,PESCA,100,100,"R$ 84597,60"
2019,Barreiros,2601409,NORMAL,PESCA,80,46,"R$ 37519,60"
2020,Barreiros,2601409,NORMAL,PESCA,80,55,"R$ 42329,20"
2021,Barreiros,2601409,NORMAL,PESCA,80,52,"R$ 39506,40"
2013,Belém de Maria,2601508,NORMAL,CANA,83,79,"R$ 58361,45"
2014,Belém de Maria,2601508,NORMAL,CANA,77,76,"R$ 58636,00"
2015,Belém de Maria,2601508,NORMAL,CANA,83,83,"R$ 64974,30"
2016,Belém de Maria,2601508,NORMAL,CANA,89,89,"R$ 73239,40"
2017,Belém de Maria,2601508,NORMAL,CANA,102,101,"R$ 79041,20"
2018,Belém de Maria,2601508,NORMAL,CANA,85,85,"R$ 70986,40"
2019,Belém de Maria,2601508,NORMAL,CANA,45,39,"R$ 40155,60"
2020,Belém de Maria,2601508,NORMAL,CANA,45,39,"R$ 40155,60"
2021,Belém de Maria,2601508,NORMAL,CANA,45,39,"R$ 38351,60"
2013,Belém de São Francisco,"",NORMAL,FRUTA,63,61,"R$ 48964,65"
2014,Belém de São Francisco,"",NORMAL,FRUTA,146,137,"R$ 88045,45"
2015,Belém de São Francisco,"",NORMAL,FRUTA,111,110,"R$ 80805,50"
2016,Belém de São Francisco,"",NORMAL,FRUTA,125,121,"R$ 86580,20"
2017,Belém de São Francisco,"",NORMAL,FRUTA,160,160,"R$ 111918,39"
2018,Belém de São Francisco,"",NORMAL,FRUTA,250,248,"R$ 206653,90"
2012,Belém de São Francisco,"",NORMAL,PESCA,,,"R$ 21028,00"
2013,Belém de São Francisco,"",NORMAL,PESCA,46,44,"R$ 36442,28"
2014,Belém de São Francisco,"",NORMAL,PESCA,48,45,"R$ 28998,28"
2015,Belém de São Francisco,"",NORMAL,PESCA,11,10,"R$ 6840,48"
2016,Belém de São Francisco,"",NORMAL,PESCA,1,1,"R$ 1026,08"
2017,Belém de São Francisco,"",NORMAL,PESCA,5,5,"R$ 4504,32"
2018,Belém de São Francisco,"",NORMAL,PESCA,5,5,"R$ 3758,00"
2019,Belém do São Francisco,2601607,NORMAL,FRUTA,187,187,"R$ 170164,80"
2020,Belém do São Francisco,2601607,NORMAL,FRUTA,121,114,"R$ 170164,80"
2021,Belém do São Francisco,2601607,NORMAL,FRUTA,121,111,"R$ 95216,80"
2022,Belém do São Francisco,2601607,NORMAL,FRUTA,84,84,"R$ 41637,20"
2012,Belo Jardim,2601706,NORMAL,PESCA,,,"R$ 45268,00"
2013,Belo Jardim,2601706,NORMAL,PESCA,78,74,"R$ 61695,56"
2014,Belo Jardim,2601706,NORMAL,PESCA,106,103,"R$ 82464,16"
2015,Belo Jardim,2601706,NORMAL,PESCA,127,127,"R$ 99515,52"
2016,Belo Jardim,2601706,NORMAL,PESCA,86,85,"R$ 69285,44"
2017,Belo Jardim,2601706,NORMAL,PESCA,71,71,"R$ 55532,00"
2018,Belo Jardim,2601706,NORMAL,PESCA,98,70,"R$ 65726,80"
2019,Belo Jardim,2601706,NORMAL,PESCA,39,32,"R$ 31523,60"
2020,Belo Jardim,2601706,NORMAL,PESCA,39,37,"R$ 34674,90"
2021,Belo Jardim,2601706,NORMAL,PESCA,39,37,"R$ 36793,20"
2012,Bodocó,2602001,NORMAL,PESCA,,,"R$ 37352,00"
2013,Bodocó,2602001,NORMAL,PESCA,52,51,"R$ 41928,72"
2014,Bodocó,2602001,NORMAL,PESCA,78,76,"R$ 59399,00"
2015,Bodocó,2602001,NORMAL,PESCA,79,79,"R$ 56371,20"
2016,Bodocó,2602001,NORMAL,PESCA,1,1,"R$ 490,08"
2013,Bonito,2602308,NORMAL,CANA,236,231,"R$ 182099,90"
2014,Bonito,2602308,NORMAL,CANA,267,264,"R$ 204506,00"
2015,Bonito,2602308,NORMAL,CANA,209,209,"R$ 162211,45"
2016,Bonito,2602308,NORMAL,CANA,206,206,"R$ 168743,00"
2017,Bonito,2602308,NORMAL,CANA,153,153,"R$ 124040,60"
2018,Bonito,2602308,NORMAL,CANA,107,106,"R$ 100654,80"
2019,Bonito,2602308,NORMAL,CANA,80,75,"R$ 77797,60"
2020,Bonito,2602308,NORMAL,CANA,80,75,"R$ 77797,60"
2021,Bonito,2602308,NORMAL,CANA,80,74,"R$ 75552,80"
2012,Bonito,2602308,NORMAL,PESCA,,,"R$ 9146,00"
2013,Bonito,2602308,NORMAL,PESCA,8,8,"R$ 6183,08"
2014,Bonito,2602308,NORMAL,PESCA,10,9,"R$ 6084,48"
2015,Bonito,2602308,NORMAL,PESCA,21,21,"R$ 14449,12"
2016,Bonito,2602308,NORMAL,PESCA,7,7,"R$ 4202,24"
2017,Bonito,2602308,NORMAL,PESCA,5,5,"R$ 2656,16"
2018,Bonito,2602308,NORMAL,PESCA,12,5,"R$ 2363,20"
2019,Bonito,2602308,NORMAL,PESCA,3,3,"R$ 3370,80"
2020,Bonito,2602308,NORMAL,PESCA,3,3,"R$ 3370,80"
2021,Bonito,2602308,NORMAL,PESCA,3,3,"R$ 3370,80"
2012,Brejo da Madre de Deus,2602605,NORMAL,PESCA,,,"R$ 50552,50"
2013,Brejo da Madre de Deus,2602605,NORMAL,PESCA,59,59,"R$ 45162,68"
2014,Brejo da Madre de Deus,2602605,NORMAL,PESCA,70,70,"R$ 51952,64"
2015,Brejo da Madre de Deus,2602605,NORMAL,PESCA,73,73,"R$ 55160,48"
2013,Buenos Aires,2602704,NORMAL,CANA,473,461,"R$ 357139,50"
2014,Buenos Aires,2602704,NORMAL,CANA,391,387,"R$ 306802,80"
2015,Buenos Aires,2602704,NORMAL,CANA,411,410,"R$ 315879,20"
2016,Buenos Aires,2602704,NORMAL,CANA,402,402,"R$ 332429,00"
2017,Buenos Aires,2602704,NORMAL,CANA,437,437,"R$ 362751,80"
2018,Buenos Aires,2602704,NORMAL,CANA,409,409,"R$ 378149,60"
2019,Buenos Aires,2602704,NORMAL,CANA,419,407,"R$ 425059,20"
2020,Buenos Aires,2602704,NORMAL,CANA,419,411,"R$ 425059,20"
2021,Buenos Aires,2602704,NORMAL,CANA,419,405,"R$ 419523,20"
2013,Cabo de Santo Agostinho,2602902,NORMAL,CANA,275,267,"R$ 224504,25"
2014,Cabo de Santo Agostinho,2602902,NORMAL,CANA,246,237,"R$ 186771,40"
2015,Cabo de Santo Agostinho,2602902,NORMAL,CANA,310,306,"R$ 262506,70"
2016,Cabo de Santo Agostinho,2602902,NORMAL,CANA,422,419,"R$ 352061,25"
2017,Cabo de Santo Agostinho,2602902,NORMAL,CANA,510,509,"R$ 427297,40"
2018,Cabo de Santo Agostinho,2602902,NORMAL,CANA,543,538,"R$ 502056,80"
2019,Cabo de Santo Agostinho,2602902,NORMAL,CANA,563,541,"R$ 576391,20"
2020,Cabo de Santo Agostinho,2602902,NORMAL,CANA,563,542,"R$ 576391,20"
2021,Cabo de Santo Agostinho,2602902,NORMAL,CANA,563,538,"R$ 566183,60"
2012,Cabo de Santo Agostinho,2602902,NORMAL,PESCA,,,"R$ 80514,00"
2013,Cabo de Santo Agostinho,2602902,NORMAL,PESCA,158,156,"R$ 132880,48"
2014,Cabo de Santo Agostinho,2602902,NORMAL,PESCA,186,183,"R$ 155697,28"
2015,Cabo de Santo Agostinho,2602902,NORMAL,PESCA,184,184,"R$ 160817,44"
2016,Cabo de Santo Agostinho,2602902,NORMAL,PESCA,160,157,"R$ 135325,60"
2017,Cabo de Santo Agostinho,2602902,NORMAL,PESCA,153,153,"R$ 130230,56"
2018,Cabo de Santo Agostinho,2602902,NORMAL,PESCA,140,139,"R$ 133122,40"
2019,Cabo de Santo Agostinho,2602902,NORMAL,PESCA,117,88,"R$ 85298,00"
2020,Cabo de Santo Agostinho,2602902,NORMAL,PESCA,117,98,"R$ 93993,90"
2021,Cabo de Santo Agostinho,2602902,NORMAL,PESCA,117,96,"R$ 91072,80"
2013,Cabrobó,2603009,NORMAL,FRUTA,13,10,"R$ 6492,30"
2014,Cabrobó,2603009,NORMAL,FRUTA,12,12,"R$ 8390,40"
2015,Cabrobó,2603009,NORMAL,FRUTA,7,7,"R$ 5421,00"
2016,Cabrobó,2603009,NORMAL,FRUTA,66,65,"R$ 48405,80"
2017,Cabrobó,2603009,NORMAL,FRUTA,18,18,"R$ 14229,60"
2018,Cabrobó,2603009,NORMAL,FRUTA,13,13,"R$ 9834,80"
2019,Cabrobó,2603009,NORMAL,FRUTA,6,6,"R$ 3817,40"
2020,Cabrobó,2603009,NORMAL,FRUTA,7,6,"R$ 3817,40"
2021,Cabrobó,2603009,NORMAL,FRUTA,7,5,"R$ 4737,60"
2022,Cabrobó,2603009,NORMAL,FRUTA,11,11,"R$ 5964,20"
2012,Cabrobó,2603009,NORMAL,PESCA,,,"R$ 33477,50"
2013,Cabrobó,2603009,NORMAL,PESCA,81,76,"R$ 58451,84"
2014,Cabrobó,2603009,NORMAL,PESCA,58,57,"R$ 44030,32"
2015,Cabrobó,2603009,NORMAL,PESCA,109,108,"R$ 74884,96"
2013,Camutanga,2603603,NORMAL,CANA,273,268,"R$ 213080,15"
2014,Camutanga,2603603,NORMAL,CANA,319,316,"R$ 247826,70"
2015,Camutanga,2603603,NORMAL,CANA,311,311,"R$ 242390,20"
2016,Camutanga,2603603,NORMAL,CANA,337,337,"R$ 273979,65"
2017,Camutanga,2603603,NORMAL,CANA,304,304,"R$ 244245,60"
2018,Camutanga,2603603,NORMAL,CANA,322,322,"R$ 300689,60"
2019,Camutanga,2603603,NORMAL,CANA,244,236,"R$ 250356,80"
2020,Camutanga,2603603,NORMAL,CANA,244,237,"R$ 250356,80"
2021,Camutanga,2603603,NORMAL,CANA,244,236,"R$ 248596,00"
2013,Carpina,2604007,NORMAL,CANA,231,230,"R$ 193101,80"
2014,Carpina,2604007,NORMAL,CANA,212,212,"R$ 175438,80"
2015,Carpina,2604007,NORMAL,CANA,216,216,"R$ 172986,00"
2016,Carpina,2604007,NORMAL,CANA,175,173,"R$ 145380,90"
2017,Carpina,2604007,NORMAL,CANA,242,242,"R$ 212846,00"
2018,Carpina,2604007,NORMAL,CANA,204,204,"R$ 201106,80"
2019,Carpina,2604007,NORMAL,CANA,221,210,"R$ 225971,60"
2020,Carpina,2604007,NORMAL,CANA,221,210,"R$ 225971,60"
2021,Carpina,2604007,NORMAL,CANA,221,209,"R$ 222058,80"
2013,Catende,2604205,NORMAL,CANA,1006,966,"R$ 785992,60"
2014,Catende,2604205,NORMAL,CANA,1214,1186,"R$ 1003164,35"
2015,Catende,2604205,NORMAL,CANA,1001,999,"R$ 972574,80"
2016,Catende,2604205,NORMAL,CANA,941,941,"R$ 808917,65"
2017,Catende,2604205,NORMAL,CANA,904,904,"R$ 782441,00"
2018,Catende,2604205,NORMAL,CANA,915,915,"R$ 809072,30"
2019,Catende,2604205,NORMAL,CANA,768,715,"R$ 697177,60"
2020,Catende,2604205,NORMAL,CANA,768,718,"R$ 697177,60"
2021,Catende,2604205,NORMAL,CANA,768,711,"R$ 674178,40"
2013,Chã de Alegria,2604403,NORMAL,CANA,312,309,"R$ 253096,25"
2014,Chã de Alegria,2604403,NORMAL,CANA,190,184,"R$ 137618,20"
2015,Chã de Alegria,2604403,NORMAL,CANA,318,316,"R$ 242016,55"
2016,Chã de Alegria,2604403,NORMAL,CANA,335,332,"R$ 273555,80"
2017,Chã de Alegria,2604403,NORMAL,CANA,341,341,"R$ 286088,80"
2018,Chã de Alegria,2604403,NORMAL,CANA,317,317,"R$ 278106,80"
2019,Chã de Alegria,2604403,NORMAL,CANA,324,309,"R$ 324981,20"
2020,Chã de Alegria,2604403,NORMAL,CANA,324,309,"R$ 324981,20"
2021,Chã de Alegria,2604403,NORMAL,CANA,324,307,"R$ 324052,80"
2013,Chã Grande,2604502,NORMAL,CANA,52,51,"R$ 39600,90"
2014,Chã Grande,2604502,NORMAL,CANA,51,51,"R$ 43503,20"
2015,Chã Grande,2604502,NORMAL,CANA,43,43,"R$ 33389,60"
2016,Chã Grande,2604502,NORMAL,CANA,41,41,"R$ 34265,85"
2017,Chã Grande,2604502,NORMAL,CANA,44,44,"R$ 37644,80"
2018,Chã Grande,2604502,NORMAL,CANA,22,22,"R$ 20168,00"
2019,Chã Grande,2604502,NORMAL,CANA,10,10,"R$ 10844,00"
2020,Chã Grande,2604502,NORMAL,CANA,10,10,"R$ 10844,00"
2021,Chã Grande,2604502,NORMAL,CANA,10,10,"R$ 10844,00"
2013,Condado,2604601,NORMAL,CANA,885,871,"R$ 721137,00"
2014,Condado,2604601,NORMAL,CANA,810,800,"R$ 637508,25"
2015,Condado,2604601,NORMAL,CANA,718,718,"R$ 565324,80"
2016,Condado,2604601,NORMAL,CANA,770,769,"R$ 623870,40"
2017,Condado,2604601,NORMAL,CANA,860,858,"R$ 701909,40"
2018,Condado,2604601,NORMAL,CANA,750,732,"R$ 683955,00"
2019,Condado,2604601,NORMAL,CANA,833,741,"R$ 797847,60"
2020,Condado,2604601,NORMAL,CANA,833,742,"R$ 797847,60"
2021,Condado,2604601,NORMAL,CANA,833,734,"R$ 785443,20"
2013,Cortês,2604809,NORMAL,CANA,671,646,"R$ 542172,65"
2014,Cortês,2604809,NORMAL,CANA,689,667,"R$ 551176,45"
2015,Cortês,2604809,NORMAL,CANA,590,589,"R$ 481689,80"
2016,Cortês,2604809,NORMAL,CANA,634,631,"R$ 536810,70"
2017,Cortês,2604809,NORMAL,CANA,558,557,"R$ 467708,80"
2018,Cortês,2604809,NORMAL,CANA,548,525,"R$ 497055,40"
2019,Cortês,2604809,NORMAL,CANA,613,491,"R$ 519466,00"
2020,Cortês,2604809,NORMAL,CANA,613,494,"R$ 519466,00"
2021,Cortês,2604809,NORMAL,CANA,613,489,"R$ 509911,20"
2012,Cumaru,2604908,NORMAL,PESCA,,,"R$ 18320,50"
2013,Cumaru,2604908,NORMAL,PESCA,28,27,"R$ 18600,80"
2014,Cumaru,2604908,NORMAL,PESCA,27,27,"R$ 16631,52"
2015,Cumaru,2604908,NORMAL,PESCA,24,24,"R$ 14779,36"
2016,Cumaru,2604908,NORMAL,PESCA,19,19,"R$ 11709,12"
2017,Cumaru,2604908,NORMAL,PESCA,23,23,"R$ 13406,72"
2018,Cumaru,2604908,NORMAL,PESCA,26,22,"R$ 13498,80"
2019,Cumaru,2604908,NORMAL,PESCA,21,6,"R$ 3131,20"
2020,Cumaru,2604908,NORMAL,PESCA,21,12,"R$ 6417,60"
2021,Cumaru,2604908,NORMAL,PESCA,21,12,"R$ 6781,20"
2012,Custódia,2605103,NORMAL,PESCA,,,"R$ 14232,50"
2013,Custódia,2605103,NORMAL,PESCA,36,30,"R$ 20534,80"
2014,Custódia,2605103,NORMAL,PESCA,21,20,"R$ 12000,64"
2015,Custódia,2605103,NORMAL,PESCA,17,17,"R$ 12247,04"
2016,Custódia,2605103,NORMAL,PESCA,4,4,"R$ 3478,24"
2017,Custódia,2605103,NORMAL,PESCA,2,2,"R$ 2052,16"
2018,Custódia,2605103,NORMAL,PESCA,18,10,"R$ 6449,20"
2019,Custódia,2605103,NORMAL,PESCA,4,0,"R$ 0,00"
2020,Custódia,2605103,NORMAL,PESCA,4,3,"R$ 2647,20"
2021,Custódia,2605103,NORMAL,PESCA,4,3,"R$ 2647,20"
2013,Escada,2605202,NORMAL,CANA,654,647,"R$ 572679,85"
2014,Escada,2605202,NORMAL,CANA,788,769,"R$ 658322,90"
2015,Escada,2605202,NORMAL,CANA,961,949,"R$ 811541,20"
2016,Escada,2605202,NORMAL,CANA,1347,1347,"R$ 1184337,70"
2017,Escada,2605202,NORMAL,CANA,1431,1429,"R$ 1261461,20"
2018,Escada,2605202,NORMAL,CANA,1403,1368,"R$ 1337241,50"
2019,Escada,2605202,NORMAL,CANA,1620,1497,"R$ 1541339,20"
2020,Escada,2605202,NORMAL,CANA,1620,1494,"R$ 1541339,20"
2021,Escada,2605202,NORMAL,CANA,1620,1478,"R$ 1531684,00"
2012,Feira Nova,2605400,NORMAL,PESCA,,,"R$ 33516,50"
2013,Feira Nova,2605400,NORMAL,PESCA,88,82,"R$ 57151,08"
2014,Feira Nova,2605400,NORMAL,PESCA,10,10,"R$ 7756,48"
2015,Feira Nova,2605400,NORMAL,PESCA,30,30,"R$ 21261,28"
2016,Feira Nova,2605400,NORMAL,PESCA,11,11,"R$ 7610,56"
2017,Feira Nova,2605400,NORMAL,PESCA,14,14,"R$ 9618,56"
2018,Feira Nova,2605400,NORMAL,PESCA,44,10,"R$ 7685,60"
2013,Ferreiros,2605509,NORMAL,CANA,397,387,"R$ 303690,95"
2014,Ferreiros,2605509,NORMAL,CANA,406,393,"R$ 290811,75"
2015,Ferreiros,2605509,NORMAL,CANA,343,343,"R$ 247901,90"
2016,Ferreiros,2605509,NORMAL,CANA,375,374,"R$ 295676,80"
2017,Ferreiros,2605509,NORMAL,CANA,363,363,"R$ 279434,60"
2018,Ferreiros,2605509,NORMAL,CANA,311,311,"R$ 277050,00"
2019,Ferreiros,2605509,NORMAL,CANA,354,349,"R$ 366655,60"
2020,Ferreiros,2605509,NORMAL,CANA,354,350,"R$ 366655,60"
2021,Ferreiros,2605509,NORMAL,CANA,354,348,"R$ 363867,20"
2012,Floresta,2605707,NORMAL,PESCA,,,"R$ 3704,00"
2013,Floresta,2605707,NORMAL,PESCA,15,15,"R$ 14765,12"
2014,Floresta,2605707,NORMAL,PESCA,23,21,"R$ 15843,68"
2015,Floresta,2605707,NORMAL,PESCA,39,39,"R$ 21907,36"
2017,Floresta,2605707,NORMAL,PESCA,1,1,"R$ 400,00"
2012,Frei Miguelinho,2605806,NORMAL,PESCA,,,"R$ 10424,00"
2013,Frei Miguelinho,2605806,NORMAL,PESCA,20,17,"R$ 10454,52"
2014,Frei Miguelinho,2605806,NORMAL,PESCA,17,15,"R$ 8900,80"
2015,Frei Miguelinho,2605806,NORMAL,PESCA,12,12,"R$ 7006,40"
2016,Frei Miguelinho,2605806,NORMAL,PESCA,7,7,"R$ 3842,24"
2017,Frei Miguelinho,2605806,NORMAL,PESCA,7,7,"R$ 4678,24"
2018,Frei Miguelinho,2605806,NORMAL,PESCA,7,7,"R$ 4294,80"
2019,Frei Miguelinho,2605806,NORMAL,PESCA,7,3,"R$ 2647,20"
2020,Frei Miguelinho,2605806,NORMAL,PESCA,7,3,"R$ 2647,20"
2021,Frei Miguelinho,2605806,NORMAL,PESCA,7,3,"R$ 2647,20"
2013,Gameleira,2605905,NORMAL,CANA,1031,1007,"R$ 861462,70"
2014,Gameleira,2605905,NORMAL,CANA,1210,1188,"R$ 987948,15"
2015,Gameleira,2605905,NORMAL,CANA,1277,1275,"R$ 1069537,10"
2016,Gameleira,2605905,NORMAL,CANA,1271,1266,"R$ 1093471,10"
2017,Gameleira,2605905,NORMAL,CANA,1196,1196,"R$ 1045154,00"
2018,Gameleira,2605905,NORMAL,CANA,1179,1127,"R$ 1126523,10"
2019,Gameleira,2605905,NORMAL,CANA,1037,1010,"R$ 1043132,00"
2020,Gameleira,2605905,NORMAL,CANA,1037,1004,"R$ 1043132,00"
2021,Gameleira,2605905,NORMAL,CANA,1037,993,"R$ 1022764,00"
2015,Gameleira,2605905,NORMAL,PESCA,25,25,"R$ 20115,68"
2016,Gameleira,2605905,NORMAL,PESCA,8,8,"R$ 5754,56"
2017,Gameleira,2605905,NORMAL,PESCA,4,4,"R$ 2920,32"
2018,Gameleira,2605905,NORMAL,PESCA,4,4,"R$ 3326,40"
2019,Gameleira,2605905,NORMAL,PESCA,3,2,"R$ 1727,20"
2020,Gameleira,2605905,NORMAL,PESCA,3,3,"R$ 2291,20"
2021,Gameleira,2605905,NORMAL,PESCA,3,3,"R$ 2330,80"
2013,Glória do Goitá,2606101,NORMAL,CANA,161,160,"R$ 121300,55"
2014,Glória do Goitá,2606101,NORMAL,CANA,155,152,"R$ 111152,80"
2015,Glória do Goitá,2606101,NORMAL,CANA,141,141,"R$ 104376,60"
2016,Glória do Goitá,2606101,NORMAL,CANA,158,155,"R$ 118789,30"
2017,Glória do Goitá,2606101,NORMAL,CANA,183,183,"R$ 143773,80"
2018,Glória do Goitá,2606101,NORMAL,CANA,135,135,"R$ 116960,40"
2019,Glória do Goitá,2606101,NORMAL,CANA,119,114,"R$ 118380,00"
2020,Glória do Goitá,2606101,NORMAL,CANA,119,114,"R$ 118380,00"
2021,Glória do Goitá,2606101,NORMAL,CANA,119,114,"R$ 116524,80"
2013,Goiana,2606200,NORMAL,CANA,562,557,"R$ 471236,00"
2014,Goiana,2606200,NORMAL,CANA,414,410,"R$ 340935,00"
2015,Goiana,2606200,NORMAL,CANA,377,376,"R$ 304553,25"
2016,Goiana,2606200,NORMAL,CANA,553,553,"R$ 476098,85"
2017,Goiana,2606200,NORMAL,CANA,718,718,"R$ 623653,40"
2018,Goiana,2606200,NORMAL,CANA,781,762,"R$ 774599,20"
2019,Goiana,2606200,NORMAL,CANA,438,399,"R$ 422968,80"
2020,Goiana,2606200,NORMAL,CANA,438,401,"R$ 422968,80"
2021,Goiana,2606200,NORMAL,CANA,438,392,"R$ 410896,40"
2012,Goiana,2606200,NORMAL,PESCA,,,"R$ 1694,00"
2013,Goiana,2606200,NORMAL,PESCA,1537,1498,"R$ 1050859,56"
2014,Goiana,2606200,NORMAL,PESCA,1990,1902,"R$ 1260929,68"
2015,Goiana,2606200,NORMAL,PESCA,1981,1973,"R$ 1279587,96"
2016,Goiana,2606200,NORMAL,PESCA,1816,1777,"R$ 1223705,96"
2017,Goiana,2606200,NORMAL,PESCA,1747,1746,"R$ 1214933,12"
2018,Goiana,2606200,NORMAL,PESCA,1665,1664,"R$ 1362704,00"
2019,Goiana,2606200,NORMAL,PESCA,1433,1202,"R$ 959509,20"
2020,Goiana,2606200,NORMAL,PESCA,1433,1367,"R$ 1047653,80"
2021,Goiana,2606200,NORMAL,PESCA,1433,1350,"R$ 1051781,20"
2012,Ibimirim,2606606,NORMAL,PESCA,,,"R$ 794706,50"
2013,Ibimirim,2606606,NORMAL,PESCA,83,79,"R$ 57340,32"
2014,Ibimirim,2606606,NORMAL,PESCA,129,116,"R$ 77426,56"
2015,Ibimirim,2606606,NORMAL,PESCA,138,138,"R$ 93820,68"
2016,Ibimirim,2606606,NORMAL,PESCA,15,12,"R$ 8884,64"
2017,Ibimirim,2606606,NORMAL,PESCA,26,26,"R$ 19235,52"
2018,Ibimirim,2606606,NORMAL,PESCA,119,44,"R$ 34602,40"
2019,Ibimirim,2606606,NORMAL,PESCA,8,5,"R$ 4374,40"
2020,Ibimirim,2606606,NORMAL,PESCA,8,5,"R$ 4538,40"
2021,Ibimirim,2606606,NORMAL,PESCA,8,5,"R$ 4906,00"
2013,Igarassu,2606804,NORMAL,CANA,204,202,"R$ 178650,75"
2014,Igarassu,2606804,NORMAL,CANA,144,142,"R$ 123557,65"
2015,Igarassu,2606804,NORMAL,CANA,147,147,"R$ 115164,60"
2016,Igarassu,2606804,NORMAL,CANA,192,191,"R$ 157394,60"
2017,Igarassu,2606804,NORMAL,CANA,207,206,"R$ 164712,80"
2018,Igarassu,2606804,NORMAL,CANA,201,201,"R$ 188237,60"
2019,Igarassu,2606804,NORMAL,CANA,177,157,"R$ 166330,40"
2020,Igarassu,2606804,NORMAL,CANA,177,160,"R$ 166330,40"
2021,Igarassu,2606804,NORMAL,CANA,177,155,"R$ 164169,60"
2012,Igarassu,2606804,NORMAL,PESCA,,,"R$ 33026,00"
2013,Igarassu,2606804,NORMAL,PESCA,765,758,"R$ 556447,44"
2014,Igarassu,2606804,NORMAL,PESCA,907,885,"R$ 614718,40"
2015,Igarassu,2606804,NORMAL,PESCA,929,922,"R$ 621324,60"
2016,Igarassu,2606804,NORMAL,PESCA,704,703,"R$ 506654,36"
2017,Igarassu,2606804,NORMAL,PESCA,637,635,"R$ 457102,08"
2018,Igarassu,2606804,NORMAL,PESCA,576,575,"R$ 455987,60"
2019,Igarassu,2606804,NORMAL,PESCA,380,327,"R$ 263310,70"
2020,Igarassu,2606804,NORMAL,PESCA,380,361,"R$ 280061,70"
2021,Igarassu,2606804,NORMAL,PESCA,380,359,"R$ 285369,60"
2012,Iguaraci,"",NORMAL,PESCA,,,"R$ 336075,50"
2013,Iguaraci,"",NORMAL,PESCA,1,1,"R$ 1026,08"
2014,Iguaraci,"",NORMAL,PESCA,30,30,"R$ 21347,68"
2015,Iguaraci,"",NORMAL,PESCA,113,113,"R$ 68765,12"
2016,Iguaraci,"",NORMAL,PESCA,76,76,"R$ 50641,92"
2017,Iguaraci,"",NORMAL,PESCA,82,82,"R$ 50931,20"
2018,Iguaraci,"",NORMAL,PESCA,73,69,"R$ 48410,40"
2019,Iguaracy,2606903,NORMAL,PESCA,62,13,"R$ 9568,00"
2020,Iguaracy,2606903,NORMAL,PESCA,62,17,"R$ 12618,80"
2021,Iguaracy,2606903,NORMAL,PESCA,62,16,"R$ 12210,80"
2012,Ilha de Itamaracá,2607604,NORMAL,PESCA,,,"R$ 2904,00"
2013,Ilha de Itamaracá,2607604,NORMAL,PESCA,557,537,"R$ 391672,24"
2014,Ilha de Itamaracá,2607604,NORMAL,PESCA,606,594,"R$ 396291,52"
2015,Ilha de Itamaracá,2607604,NORMAL,PESCA,682,681,"R$ 442579,68"
2016,Ilha de Itamaracá,2607604,NORMAL,PESCA,594,585,"R$ 394767,12"
2017,Ilha de Itamaracá,2607604,NORMAL,PESCA,566,566,"R$ 364197,12"
2018,Ilha de Itamaracá,2607604,NORMAL,PESCA,554,554,"R$ 418526,00"
2019,Ilha de Itamaracá,2607604,NORMAL,PESCA,413,304,"R$ 226294,80"
2020,Ilha de Itamaracá,2607604,NORMAL,PESCA,413,399,"R$ 289204,80"
2021,Ilha de Itamaracá,2607604,NORMAL,PESCA,413,394,"R$ 295640,00"
2013,Ipojuca,2607208,NORMAL,CANA,582,570,"R$ 484255,50"
2014,Ipojuca,2607208,NORMAL,CANA,565,558,"R$ 463858,60"
2015,Ipojuca,2607208,NORMAL,CANA,594,590,"R$ 490439,15"
2016,Ipojuca,2607208,NORMAL,CANA,720,717,"R$ 620320,80"
2017,Ipojuca,2607208,NORMAL,CANA,830,829,"R$ 710207,40"
2018,Ipojuca,2607208,NORMAL,CANA,750,750,"R$ 713136,80"
2019,Ipojuca,2607208,NORMAL,CANA,720,693,"R$ 720574,40"
2020,Ipojuca,2607208,NORMAL,CANA,720,695,"R$ 720574,40"
2021,Ipojuca,2607208,NORMAL,CANA,720,692,"R$ 721347,60"
2012,Ipojuca,2607208,NORMAL,PESCA,,,"R$ 544388,00"
2013,Ipojuca,2607208,NORMAL,PESCA,184,181,"R$ 148360,44"
2014,Ipojuca,2607208,NORMAL,PESCA,192,185,"R$ 142231,36"
2015,Ipojuca,2607208,NORMAL,PESCA,181,180,"R$ 144277,76"
2016,Ipojuca,2607208,NORMAL,PESCA,148,144,"R$ 123394,40"
2017,Ipojuca,2607208,NORMAL,PESCA,137,137,"R$ 121189,76"
2018,Ipojuca,2607208,NORMAL,PESCA,106,106,"R$ 101676,40"
2019,Ipojuca,2607208,NORMAL,PESCA,81,58,"R$ 56946,40"
2020,Ipojuca,2607208,NORMAL,PESCA,81,69,"R$ 67205,10"
2021,Ipojuca,2607208,NORMAL,PESCA,81,65,"R$ 63671,60"
2012,Itacuruba,2607406,NORMAL,PESCA,,,"R$ 185897,00"
2013,Itacuruba,2607406,NORMAL,PESCA,101,89,"R$ 60455,48"
2014,Itacuruba,2607406,NORMAL,PESCA,96,91,"R$ 63511,84"
2015,Itacuruba,2607406,NORMAL,PESCA,64,63,"R$ 43291,36"
2016,Itacuruba,2607406,NORMAL,PESCA,2,1,"R$ 1026,08"
2017,Itacuruba,2607406,NORMAL,PESCA,14,14,"R$ 11542,88"
2018,Itacuruba,2607406,NORMAL,PESCA,14,13,"R$ 11220,00"
2019,Itacuruba,2607406,NORMAL,PESCA,5,4,"R$ 3770,80"
2020,Itacuruba,2607406,NORMAL,PESCA,5,4,"R$ 3770,80"
2021,Itacuruba,2607406,NORMAL,PESCA,5,4,"R$ 3770,80"
2013,Itambé,2607653,NORMAL,CANA,1347,1323,"R$ 1080658,40"
2014,Itambé,2607653,NORMAL,CANA,1327,1293,"R$ 1066905,85"
2015,Itambé,2607653,NORMAL,CANA,1025,1024,"R$ 804566,00"
2016,Itambé,2607653,NORMAL,CANA,1259,1255,"R$ 1042611,50"
2017,Itambé,2607653,NORMAL,CANA,1428,1427,"R$ 1192361,60"
2018,Itambé,2607653,NORMAL,CANA,1519,1457,"R$ 1398815,50"
2019,Itambé,2607653,NORMAL,CANA,1583,1559,"R$ 1672962,80"
2020,Itambé,2607653,NORMAL,CANA,1583,1560,"R$ 1672962,80"
2021,Itambé,2607653,NORMAL,CANA,1583,1541,"R$ 1645086,00"
2012,Itapissuma,2607752,NORMAL,PESCA,,,"R$ 22404,50"
2013,Itapissuma,2607752,NORMAL,PESCA,315,311,"R$ 242172,24"
2014,Itapissuma,2607752,NORMAL,PESCA,342,340,"R$ 247160,16"
2015,Itapissuma,2607752,NORMAL,PESCA,335,335,"R$ 239524,16"
2016,Itapissuma,2607752,NORMAL,PESCA,314,314,"R$ 233655,52"
2017,Itapissuma,2607752,NORMAL,PESCA,294,294,"R$ 210676,48"
2018,Itapissuma,2607752,NORMAL,PESCA,276,275,"R$ 222699,60"
2019,Itapissuma,2607752,NORMAL,PESCA,270,257,"R$ 213592,80"
2020,Itapissuma,2607752,NORMAL,PESCA,270,263,"R$ 217425,40"
2021,Itapissuma,2607752,NORMAL,PESCA,270,260,"R$ 219538,00"
2013,Itaquitinga,2607802,NORMAL,CANA,696,676,"R$ 548184,85"
2014,Itaquitinga,2607802,NORMAL,CANA,714,686,"R$ 542342,75"
2015,Itaquitinga,2607802,NORMAL,CANA,688,686,"R$ 540831,25"
2016,Itaquitinga,2607802,NORMAL,CANA,856,855,"R$ 716645,85"
2017,Itaquitinga,2607802,NORMAL,CANA,928,928,"R$ 765581,60"
2018,Itaquitinga,2607802,NORMAL,CANA,904,902,"R$ 810898,40"
2019,Itaquitinga,2607802,NORMAL,CANA,978,715,"R$ 754222,40"
2020,Itaquitinga,2607802,NORMAL,CANA,978,719,"R$ 754222,40"
2021,Itaquitinga,2607802,NORMAL,CANA,978,709,"R$ 744054,80"
2013,Jaboatão dos Guararapes,2607901,NORMAL,CANA,176,174,"R$ 152630,00"
2014,Jaboatão dos Guararapes,2607901,NORMAL,CANA,166,162,"R$ 139621,00"
2015,Jaboatão dos Guararapes,2607901,NORMAL,CANA,165,165,"R$ 145879,20"
2016,Jaboatão dos Guararapes,2607901,NORMAL,CANA,264,263,"R$ 230309,50"
2017,Jaboatão dos Guararapes,2607901,NORMAL,CANA,260,259,"R$ 222249,40"
2018,Jaboatão dos Guararapes,2607901,NORMAL,CANA,242,241,"R$ 244386,40"
2019,Jaboatão dos Guararapes,2607901,NORMAL,CANA,231,227,"R$ 237921,60"
2020,Jaboatão dos Guararapes,2607901,NORMAL,CANA,231,228,"R$ 237921,60"
2021,Jaboatão dos Guararapes,2607901,NORMAL,CANA,231,228,"R$ 235384,40"
2012,Jaboatão dos Guararapes,2607901,NORMAL,PESCA,,,"R$ 265082,00"
2013,Jaboatão dos Guararapes,2607901,NORMAL,PESCA,144,139,"R$ 119115,88"
2014,Jaboatão dos Guararapes,2607901,NORMAL,PESCA,143,142,"R$ 113087,32"
2015,Jaboatão dos Guararapes,2607901,NORMAL,PESCA,134,134,"R$ 107561,04"
2016,Jaboatão dos Guararapes,2607901,NORMAL,PESCA,110,110,"R$ 88020,84"
2017,Jaboatão dos Guararapes,2607901,NORMAL,PESCA,97,97,"R$ 78900,80"
2018,Jaboatão dos Guararapes,2607901,NORMAL,PESCA,106,106,"R$ 101659,60"
2019,Jaboatão dos Guararapes,2607901,NORMAL,PESCA,50,47,"R$ 43570,00"
2020,Jaboatão dos Guararapes,2607901,NORMAL,PESCA,50,50,"R$ 45671,10"
2021,Jaboatão dos Guararapes,2607901,NORMAL,PESCA,50,50,"R$ 47788,80"
2013,Jaqueira,2607950,NORMAL,CANA,781,748,"R$ 576267,20"
2014,Jaqueira,2607950,NORMAL,CANA,883,837,"R$ 619016,65"
2015,Jaqueira,2607950,NORMAL,CANA,779,774,"R$ 543704,05"
2016,Jaqueira,2607950,NORMAL,CANA,672,666,"R$ 506720,10"
2017,Jaqueira,2607950,NORMAL,CANA,582,582,"R$ 439735,60"
2018,Jaqueira,2607950,NORMAL,CANA,530,527,"R$ 449648,40"
2019,Jaqueira,2607950,NORMAL,CANA,441,425,"R$ 434675,20"
2020,Jaqueira,2607950,NORMAL,CANA,441,426,"R$ 434675,20"
2021,Jaqueira,2607950,NORMAL,CANA,441,424,"R$ 426853,60"
2012,Jatobá,2608057,NORMAL,PESCA,,,"R$ 114113,00"
2013,Jatobá,2608057,NORMAL,PESCA,61,60,"R$ 41101,60"
2014,Jatobá,2608057,NORMAL,PESCA,80,80,"R$ 44872,16"
2015,Jatobá,2608057,NORMAL,PESCA,80,80,"R$ 53598,28"
2018,Jatobá,2608057,NORMAL,PESCA,3,1,"R$ 400,00"
2013,Joaquim Nabuco,2608206,NORMAL,CANA,719,696,"R$ 553364,05"
2014,Joaquim Nabuco,2608206,NORMAL,CANA,1026,995,"R$ 813178,35"
2015,Joaquim Nabuco,2608206,NORMAL,CANA,1015,1011,"R$ 814287,70"
2016,Joaquim Nabuco,2608206,NORMAL,CANA,1037,1030,"R$ 866338,15"
2017,Joaquim Nabuco,2608206,NORMAL,CANA,873,869,"R$ 732858,05"
2018,Joaquim Nabuco,2608206,NORMAL,CANA,837,836,"R$ 774241,20"
2019,Joaquim Nabuco,2608206,NORMAL,CANA,729,704,"R$ 730807,70"
2020,Joaquim Nabuco,2608206,NORMAL,CANA,729,705,"R$ 730807,70"
2021,Joaquim Nabuco,2608206,NORMAL,CANA,729,697,"R$ 722651,60"
2013,Lagoa de Itaenga,2608503,NORMAL,CANA,396,392,"R$ 325343,30"
2014,Lagoa de Itaenga,2608503,NORMAL,CANA,388,380,"R$ 289732,80"
2015,Lagoa de Itaenga,2608503,NORMAL,CANA,447,447,"R$ 344059,65"
2016,Lagoa de Itaenga,2608503,NORMAL,CANA,381,381,"R$ 302141,45"
2017,Lagoa de Itaenga,2608503,NORMAL,CANA,455,454,"R$ 367178,20"
2018,Lagoa de Itaenga,2608503,NORMAL,CANA,433,433,"R$ 389068,40"
2019,Lagoa de Itaenga,2608503,NORMAL,CANA,423,417,"R$ 442413,20"
2020,Lagoa de Itaenga,2608503,NORMAL,CANA,423,412,"R$ 442413,20"
2021,Lagoa de Itaenga,2608503,NORMAL,CANA,423,407,"R$ 427281,20"
2012,Lagoa de Itaenga,2608503,NORMAL,PESCA,,,"R$ 29516,00"
2013,Lagoa de Itaenga,2608503,NORMAL,PESCA,64,63,"R$ 40619,08"
2014,Lagoa de Itaenga,2608503,NORMAL,PESCA,40,38,"R$ 22385,60"
2015,Lagoa de Itaenga,2608503,NORMAL,PESCA,45,45,"R$ 27868,16"
2016,Lagoa de Itaenga,2608503,NORMAL,PESCA,34,33,"R$ 21988,36"
2017,Lagoa de Itaenga,2608503,NORMAL,PESCA,36,36,"R$ 24937,76"
2018,Lagoa de Itaenga,2608503,NORMAL,PESCA,45,38,"R$ 29088,80"
2019,Lagoa de Itaenga,2608503,NORMAL,PESCA,7,0,"R$ 0,00"
2020,Lagoa de Itaenga,2608503,NORMAL,PESCA,7,0,"R$ 0,00"
2021,Lagoa de Itaenga,2608503,NORMAL,PESCA,7,0,"R$ 0,00"
2013,Lagoa do Carro,2608453,NORMAL,CANA,72,70,"R$ 58574,50"
2014,Lagoa do Carro,2608453,NORMAL,CANA,62,62,"R$ 51636,80"
2015,Lagoa do Carro,2608453,NORMAL,CANA,60,60,"R$ 48765,00"
2016,Lagoa do Carro,2608453,NORMAL,CANA,67,67,"R$ 56529,20"
2017,Lagoa do Carro,2608453,NORMAL,CANA,81,81,"R$ 71326,00"
2018,Lagoa do Carro,2608453,NORMAL,CANA,49,49,"R$ 46516,80"
2019,Lagoa do Carro,2608453,NORMAL,CANA,19,19,"R$ 20603,60"
2020,Lagoa do Carro,2608453,NORMAL,CANA,19,19,"R$ 20603,60"
2021,Lagoa do Carro,2608453,NORMAL,CANA,19,19,"R$ 20239,60"
2012,Lagoa do Carro,2608453,NORMAL,PESCA,,,"R$ 51402,00"
2013,Lagoa do Carro,2608453,NORMAL,PESCA,46,44,"R$ 29504,56"
2014,Lagoa do Carro,2608453,NORMAL,PESCA,40,39,"R$ 27362,24"
2015,Lagoa do Carro,2608453,NORMAL,PESCA,38,38,"R$ 24259,84"
2016,Lagoa do Carro,2608453,NORMAL,PESCA,31,31,"R$ 23155,68"
2017,Lagoa do Carro,2608453,NORMAL,PESCA,35,35,"R$ 27285,92"
2018,Lagoa do Carro,2608453,NORMAL,PESCA,39,31,"R$ 25646,40"
2019,Lagoa do Carro,2608453,NORMAL,PESCA,12,8,"R$ 8146,10"
2020,Lagoa do Carro,2608453,NORMAL,PESCA,12,8,"R$ 6109,60"
2021,Lagoa do Carro,2608453,NORMAL,PESCA,12,8,"R$ 6488,80"
2013,Lagoa dos Gatos,2608701,NORMAL,CANA,2,2,"R$ 1971,60"
2013,Lagoa Grande,2608750,NORMAL,FRUTA,2674,2563,"R$ 1840966,70"
2014,Lagoa Grande,2608750,NORMAL,FRUTA,2380,2313,"R$ 1690034,95"
2015,Lagoa Grande,2608750,NORMAL,FRUTA,1849,1835,"R$ 1292804,95"
2016,Lagoa Grande,2608750,NORMAL,FRUTA,1702,1647,"R$ 1175832,55"
2017,Lagoa Grande,2608750,NORMAL,FRUTA,1477,1474,"R$ 1047706,55"
2018,Lagoa Grande,2608750,NORMAL,FRUTA,1271,1247,"R$ 984961,20"
2019,Lagoa Grande,2608750,NORMAL,FRUTA,1351,1351,"R$ 1135893,20"
2020,Lagoa Grande,2608750,NORMAL,FRUTA,1053,1018,"R$ 1135893,20"
2021,Lagoa Grande,2608750,NORMAL,FRUTA,1053,1012,"R$ 842220,00"
2022,Lagoa Grande,2608750,NORMAL,FRUTA,745,745,"R$ 371509,80"
2012,Lagoa Grande,2608750,NORMAL,PESCA,,,"R$ 26310,00"
2013,Lagoa Grande,2608750,NORMAL,PESCA,127,124,"R$ 97275,12"
2014,Lagoa Grande,2608750,NORMAL,PESCA,150,142,"R$ 107722,08"
2015,Lagoa Grande,2608750,NORMAL,PESCA,202,201,"R$ 138203,40"
2017,Lagoa Grande,2608750,NORMAL,PESCA,3,3,"R$ 1826,08"
2018,Lagoa Grande,2608750,NORMAL,PESCA,121,5,"R$ 4062,40"
2019,Lagoa Grande,2608750,NORMAL,PESCA,5,1,"R$ 767,60"
2020,Lagoa Grande,2608750,NORMAL,PESCA,5,1,"R$ 767,60"
2021,Lagoa Grande,2608750,NORMAL,PESCA,5,1,"R$ 767,60"
2012,Limoeiro,2608909,NORMAL,PESCA,,,"R$ 23660,50"
2013,Limoeiro,2608909,NORMAL,PESCA,63,62,"R$ 44750,80"
2014,Limoeiro,2608909,NORMAL,PESCA,74,73,"R$ 51238,24"
2015,Limoeiro,2608909,NORMAL,PESCA,76,76,"R$ 51092,16"
2018,Limoeiro,2608909,NORMAL,PESCA,57,2,"R$ 1915,20"
2013,Macaparana,2609006,NORMAL,CANA,714,699,"R$ 570159,25"
2014,Macaparana,2609006,NORMAL,CANA,644,627,"R$ 502271,60"
2015,Macaparana,2609006,NORMAL,CANA,640,640,"R$ 504963,40"
2016,Macaparana,2609006,NORMAL,CANA,666,666,"R$ 521498,30"
2017,Macaparana,2609006,NORMAL,CANA,636,635,"R$ 486409,80"
2018,Macaparana,2609006,NORMAL,CANA,632,631,"R$ 540437,60"
2019,Macaparana,2609006,NORMAL,CANA,570,558,"R$ 594097,20"
2020,Macaparana,2609006,NORMAL,CANA,570,560,"R$ 594097,20"
2021,Macaparana,2609006,NORMAL,CANA,570,555,"R$ 590727,60"
2013,Maraial,2609204,NORMAL,CANA,699,674,"R$ 503925,40"
2014,Maraial,2609204,NORMAL,CANA,776,758,"R$ 568208,50"
2015,Maraial,2609204,NORMAL,CANA,613,611,"R$ 454722,70"
2016,Maraial,2609204,NORMAL,CANA,523,522,"R$ 407299,60"
2017,Maraial,2609204,NORMAL,CANA,539,537,"R$ 430583,60"
2018,Maraial,2609204,NORMAL,CANA,423,413,"R$ 370218,40"
2019,Maraial,2609204,NORMAL,CANA,355,341,"R$ 351991,20"
2020,Maraial,2609204,NORMAL,CANA,355,340,"R$ 351991,20"
2021,Maraial,2609204,NORMAL,CANA,355,340,"R$ 347990,40"
2013,Moreno,2609402,NORMAL,CANA,230,225,"R$ 191185,55"
2014,Moreno,2609402,NORMAL,CANA,208,205,"R$ 177349,00"
2015,Moreno,2609402,NORMAL,CANA,231,229,"R$ 188215,75"
2016,Moreno,2609402,NORMAL,CANA,353,351,"R$ 298213,50"
2017,Moreno,2609402,NORMAL,CANA,306,305,"R$ 263014,60"
2018,Moreno,2609402,NORMAL,CANA,367,367,"R$ 351841,20"
2019,Moreno,2609402,NORMAL,CANA,392,383,"R$ 398946,00"
2020,Moreno,2609402,NORMAL,CANA,392,384,"R$ 398946,00"
2021,Moreno,2609402,NORMAL,CANA,392,378,"R$ 397877,20"
2012,Moreno,2609402,NORMAL,PESCA,,,"R$ 27618,50"
2013,Moreno,2609402,NORMAL,PESCA,21,20,"R$ 14669,36"
2014,Moreno,2609402,NORMAL,PESCA,27,27,"R$ 18975,84"
2015,Moreno,2609402,NORMAL,PESCA,28,28,"R$ 19297,92"
2016,Moreno,2609402,NORMAL,PESCA,26,26,"R$ 20633,76"
2017,Moreno,2609402,NORMAL,PESCA,26,26,"R$ 20783,68"
2018,Moreno,2609402,NORMAL,PESCA,22,21,"R$ 16465,60"
2013,Nazaré da Mata,2609501,NORMAL,CANA,475,460,"R$ 376743,30"
2014,Nazaré da Mata,2609501,NORMAL,CANA,408,399,"R$ 322287,80"
2015,Nazaré da Mata,2609501,NORMAL,CANA,380,380,"R$ 310354,60"
2016,Nazaré da Mata,2609501,NORMAL,CANA,406,406,"R$ 340942,80"
2017,Nazaré da Mata,2609501,NORMAL,CANA,459,457,"R$ 383529,80"
2018,Nazaré da Mata,2609501,NORMAL,CANA,387,382,"R$ 360071,60"
2019,Nazaré da Mata,2609501,NORMAL,CANA,329,302,"R$ 318319,60"
2020,Nazaré da Mata,2609501,NORMAL,CANA,329,299,"R$ 318319,60"
2021,Nazaré da Mata,2609501,NORMAL,CANA,329,294,"R$ 303887,60"
2012,Olinda,2609600,NORMAL,PESCA,,,"R$ 11222,00"
2013,Olinda,2609600,NORMAL,PESCA,226,223,"R$ 180504,08"
2014,Olinda,2609600,NORMAL,PESCA,270,265,"R$ 207144,80"
2015,Olinda,2609600,NORMAL,PESCA,249,248,"R$ 195577,76"
2016,Olinda,2609600,NORMAL,PESCA,206,205,"R$ 164282,88"
2017,Olinda,2609600,NORMAL,PESCA,189,189,"R$ 153663,04"
2018,Olinda,2609600,NORMAL,PESCA,191,191,"R$ 173503,60"
2019,Olinda,2609600,NORMAL,PESCA,118,98,"R$ 87606,80"
2020,Olinda,2609600,NORMAL,PESCA,118,112,"R$ 100273,40"
2021,Olinda,2609600,NORMAL,PESCA,118,111,"R$ 101140,80"
2013,Orocó,2609808,NORMAL,FRUTA,9,9,"R$ 6551,30"
2014,Orocó,2609808,NORMAL,FRUTA,6,6,"R$ 5914,80"
2015,Orocó,2609808,NORMAL,FRUTA,6,6,"R$ 5329,00"
2016,Orocó,2609808,NORMAL,FRUTA,8,8,"R$ 7570,40"
2017,Orocó,2609808,NORMAL,FRUTA,3,3,"R$ 2023,60"
2018,Orocó,2609808,NORMAL,FRUTA,6,6,"R$ 5474,00"
2020,Orocó,2609808,NORMAL,FRUTA,1,1,"R$ 1080,40"
2021,Orocó,2609808,NORMAL,FRUTA,1,1,"R$ 1084,40"
2022,Orocó,2609808,NORMAL,FRUTA,2,2,"R$ 824,40"
2013,Palmares,2610004,NORMAL,CANA,869,845,"R$ 679700,10"
2014,Palmares,2610004,NORMAL,CANA,1032,1003,"R$ 780775,75"
2015,Palmares,2610004,NORMAL,CANA,733,733,"R$ 568151,90"
2016,Palmares,2610004,NORMAL,CANA,681,675,"R$ 540430,30"
2017,Palmares,2610004,NORMAL,CANA,644,644,"R$ 517252,80"
2018,Palmares,2610004,NORMAL,CANA,766,764,"R$ 649680,40"
2019,Palmares,2610004,NORMAL,CANA,489,479,"R$ 490454,80"
2020,Palmares,2610004,NORMAL,CANA,489,478,"R$ 490454,80"
2021,Palmares,2610004,NORMAL,CANA,489,477,"R$ 492044,80"
2012,Parnamirim,2610400,NORMAL,PESCA,,,"R$ 150246,00"
2013,Parnamirim,2610400,NORMAL,PESCA,27,27,"R$ 27704,16"
2014,Parnamirim,2610400,NORMAL,PESCA,29,28,"R$ 16533,12"
2015,Parnamirim,2610400,NORMAL,PESCA,37,37,"R$ 21645,80"
2016,Parnamirim,2610400,NORMAL,PESCA,4,2,"R$ 2052,16"
2017,Parnamirim,2610400,NORMAL,PESCA,7,7,"R$ 4938,40"
2018,Parnamirim,2610400,NORMAL,PESCA,6,6,"R$ 4582,80"
2019,Parnamirim,2610400,NORMAL,PESCA,4,0,"R$ 0,00"
2020,Parnamirim,2610400,NORMAL,PESCA,4,0,"R$ 0,00"
2021,Parnamirim,2610400,NORMAL,PESCA,4,0,"R$ 0,00"
2013,Paudalho,2610608,NORMAL,CANA,248,247,"R$ 210380,00"
2014,Paudalho,2610608,NORMAL,CANA,217,216,"R$ 181790,55"
2015,Paudalho,2610608,NORMAL,CANA,295,295,"R$ 248295,20"
2016,Paudalho,2610608,NORMAL,CANA,292,270,"R$ 242433,25"
2017,Paudalho,2610608,NORMAL,CANA,271,271,"R$ 242661,40"
2018,Paudalho,2610608,NORMAL,CANA,293,293,"R$ 277020,00"
2019,Paudalho,2610608,NORMAL,CANA,200,196,"R$ 203036,40"
2020,Paudalho,2610608,NORMAL,CANA,200,197,"R$ 203036,40"
2021,Paudalho,2610608,NORMAL,CANA,200,196,"R$ 200519,60"
2012,Paudalho,2610608,NORMAL,PESCA,,,"R$ 34690,50"
2013,Paudalho,2610608,NORMAL,PESCA,15,15,"R$ 12303,56"
2014,Paudalho,2610608,NORMAL,PESCA,17,16,"R$ 12453,12"
2015,Paudalho,2610608,NORMAL,PESCA,15,15,"R$ 11260,96"
2016,Paudalho,2610608,NORMAL,PESCA,12,12,"R$ 7988,64"
2017,Paudalho,2610608,NORMAL,PESCA,11,11,"R$ 7240,64"
2018,Paudalho,2610608,NORMAL,PESCA,10,9,"R$ 6293,60"
2019,Paudalho,2610608,NORMAL,PESCA,13,12,"R$ 12607,20"
2020,Paudalho,2610608,NORMAL,PESCA,13,13,"R$ 13007,20"
2021,Paudalho,2610608,NORMAL,PESCA,13,13,"R$ 12999,20"
2012,Paulista,2610707,NORMAL,PESCA,,,"R$ 10018,00"
2013,Paulista,2610707,NORMAL,PESCA,355,348,"R$ 299834,36"
2014,Paulista,2610707,NORMAL,PESCA,449,439,"R$ 367509,60"
2015,Paulista,2610707,NORMAL,PESCA,432,431,"R$ 371243,36"
2016,Paulista,2610707,NORMAL,PESCA,336,332,"R$ 281828,00"
2017,Paulista,2610707,NORMAL,PESCA,321,321,"R$ 273614,24"
2018,Paulista,2610707,NORMAL,PESCA,269,269,"R$ 245167,60"
2019,Paulista,2610707,NORMAL,PESCA,178,165,"R$ 151273,20"
2020,Paulista,2610707,NORMAL,PESCA,178,177,"R$ 155078,80"
2021,Paulista,2610707,NORMAL,PESCA,178,177,"R$ 159425,60"
2012,Pedra,2610806,NORMAL,PESCA,,,"R$ 243868,00"
2013,Pedra,2610806,NORMAL,PESCA,75,72,"R$ 52134,32"
2014,Pedra,2610806,NORMAL,PESCA,80,80,"R$ 54554,08"
2015,Pedra,2610806,NORMAL,PESCA,83,83,"R$ 50389,76"
2016,Pedra,2610806,NORMAL,PESCA,50,50,"R$ 33611,40"
2017,Pedra,2610806,NORMAL,PESCA,46,46,"R$ 29013,92"
2018,Pedra,2610806,NORMAL,PESCA,37,35,"R$ 23951,60"
2019,Pedra,2610806,NORMAL,PESCA,6,5,"R$ 4906,00"
2020,Pedra,2610806,NORMAL,PESCA,6,5,"R$ 4906,00"
2021,Pedra,2610806,NORMAL,PESCA,6,5,"R$ 4906,00"
2012,Pesqueira,2610905,NORMAL,PESCA,,,"R$ 39120,00"
2013,Pesqueira,2610905,NORMAL,PESCA,11,11,"R$ 6624,56"
2014,Pesqueira,2610905,NORMAL,PESCA,38,37,"R$ 22937,92"
2015,Pesqueira,2610905,NORMAL,PESCA,74,74,"R$ 39278,72"
2013,Petrolândia,2611002,NORMAL,FRUTA,2,2,"R$ 1915,80"
2014,Petrolândia,2611002,NORMAL,FRUTA,1,1,"R$ 985,80"
2015,Petrolândia,2611002,NORMAL,FRUTA,2,2,"R$ 1385,80"
2016,Petrolândia,2611002,NORMAL,FRUTA,3,3,"R$ 1923,60"
2017,Petrolândia,2611002,NORMAL,FRUTA,1,1,"R$ 985,80"
2018,Petrolândia,2611002,NORMAL,FRUTA,5,5,"R$ 4737,60"
2019,Petrolândia,2611002,NORMAL,FRUTA,2,2,"R$ 1080,40"
2012,Petrolândia,2611002,NORMAL,PESCA,,,"R$ 13640,50"
2013,Petrolândia,2611002,NORMAL,PESCA,9,9,"R$ 6504,56"
2014,Petrolândia,2611002,NORMAL,PESCA,2,2,"R$ 400,00"
2015,Petrolândia,2611002,NORMAL,PESCA,1,1,"R$ 400,00"
2013,Petrolina,2611101,NORMAL,FRUTA,11712,10786,"R$ 8487104,35"
2014,Petrolina,2611101,NORMAL,FRUTA,10413,9370,"R$ 7768270,60"
2015,Petrolina,2611101,NORMAL,FRUTA,8104,7863,"R$ 6151088,40"
2016,Petrolina,2611101,NORMAL,FRUTA,7950,7787,"R$ 6292812,45"
2017,Petrolina,2611101,NORMAL,FRUTA,7300,7286,"R$ 5907252,12"
2018,Petrolina,2611101,NORMAL,FRUTA,7624,7467,"R$ 6846870,60"
2019,Petrolina,2611101,NORMAL,FRUTA,7793,7793,"R$ 6776949,90"
2020,Petrolina,2611101,NORMAL,FRUTA,5205,5022,"R$ 6776949,90"
2021,Petrolina,2611101,NORMAL,FRUTA,5205,4942,"R$ 4517622,80"
2022,Petrolina,2611101,NORMAL,FRUTA,3776,3776,"R$ 1908130,20"
2012,Petrolina,2611101,NORMAL,PESCA,,,"R$ 27070,00"
2013,Petrolina,2611101,NORMAL,PESCA,55,54,"R$ 41581,08"
2014,Petrolina,2611101,NORMAL,PESCA,68,66,"R$ 49722,40"
2015,Petrolina,2611101,NORMAL,PESCA,77,77,"R$ 53112,32"
2012,Poção,2611200,NORMAL,PESCA,,,"R$ 3248,00"
2013,Poção,2611200,NORMAL,PESCA,25,25,"R$ 16740,32"
2014,Poção,2611200,NORMAL,PESCA,37,36,"R$ 20741,12"
2015,Poção,2611200,NORMAL,PESCA,73,73,"R$ 43336,80"
2013,Pombos,2611309,NORMAL,CANA,178,175,"R$ 144550,55"
2014,Pombos,2611309,NORMAL,CANA,95,93,"R$ 80146,60"
2015,Pombos,2611309,NORMAL,CANA,75,75,"R$ 62689,80"
2016,Pombos,2611309,NORMAL,CANA,145,145,"R$ 128781,25"
2017,Pombos,2611309,NORMAL,CANA,117,117,"R$ 105905,00"
2018,Pombos,2611309,NORMAL,CANA,71,71,"R$ 65991,60"
2019,Pombos,2611309,NORMAL,CANA,71,68,"R$ 71622,80"
2020,Pombos,2611309,NORMAL,CANA,71,68,"R$ 71622,80"
2021,Pombos,2611309,NORMAL,CANA,71,68,"R$ 72663,20"
2013,Primavera,2611408,NORMAL,CANA,314,305,"R$ 246540,45"
2014,Primavera,2611408,NORMAL,CANA,353,345,"R$ 280082,75"
2015,Primavera,2611408,NORMAL,CANA,359,357,"R$ 282935,00"
2016,Primavera,2611408,NORMAL,CANA,427,422,"R$ 346931,30"
2017,Primavera,2611408,NORMAL,CANA,430,426,"R$ 350399,00"
2018,Primavera,2611408,NORMAL,CANA,496,487,"R$ 464947,90"
2019,Primavera,2611408,NORMAL,CANA,592,538,"R$ 549996,40"
2020,Primavera,2611408,NORMAL,CANA,592,538,"R$ 549996,40"
2021,Primavera,2611408,NORMAL,CANA,592,530,"R$ 539141,60"
2013,Quipapá,2611507,NORMAL,CANA,1024,1005,"R$ 793414,15"
2014,Quipapá,2611507,NORMAL,CANA,1169,1144,"R$ 875054,85"
2015,Quipapá,2611507,NORMAL,CANA,883,883,"R$ 665811,75"
2016,Quipapá,2611507,NORMAL,CANA,852,852,"R$ 679263,40"
2017,Quipapá,2611507,NORMAL,CANA,801,801,"R$ 659466,60"
2018,Quipapá,2611507,NORMAL,CANA,668,630,"R$ 636736,80"
2019,Quipapá,2611507,NORMAL,CANA,658,632,"R$ 664553,20"
2020,Quipapá,2611507,NORMAL,CANA,658,633,"R$ 664553,20"
2021,Quipapá,2611507,NORMAL,CANA,658,632,"R$ 662513,20"
2012,Recife,2611606,NORMAL,PESCA,,,"R$ 216450,50"
2013,Recife,2611606,NORMAL,PESCA,443,437,"R$ 341440,04"
2014,Recife,2611606,NORMAL,PESCA,524,516,"R$ 387768,00"
2015,Recife,2611606,NORMAL,PESCA,523,522,"R$ 529855,88"
2016,Recife,2611606,NORMAL,PESCA,494,490,"R$ 374622,72"
2017,Recife,2611606,NORMAL,PESCA,562,556,"R$ 424456,48"
2018,Recife,2611606,NORMAL,PESCA,427,426,"R$ 374044,00"
2019,Recife,2611606,NORMAL,PESCA,333,316,"R$ 275367,20"
2020,Recife,2611606,NORMAL,PESCA,333,323,"R$ 275289,00"
2021,Recife,2611606,NORMAL,PESCA,333,322,"R$ 276907,60"
2012,Riacho das Almas,2611705,NORMAL,PESCA,,,"R$ 9064,00"
2013,Riacho das Almas,2611705,NORMAL,PESCA,16,16,"R$ 11203,64"
2014,Riacho das Almas,2611705,NORMAL,PESCA,21,21,"R$ 14465,28"
2015,Riacho das Almas,2611705,NORMAL,PESCA,31,31,"R$ 22490,08"
2016,Riacho das Almas,2611705,NORMAL,PESCA,15,15,"R$ 10188,80"
2017,Riacho das Almas,2611705,NORMAL,PESCA,13,13,"R$ 9242,56"
2018,Riacho das Almas,2611705,NORMAL,PESCA,18,18,"R$ 14162,40"
2019,Riacho das Almas,2611705,NORMAL,PESCA,16,0,"R$ 0,00"
2020,Riacho das Almas,2611705,NORMAL,PESCA,16,0,"R$ 0,00"
2021,Riacho das Almas,2611705,NORMAL,PESCA,16,0,"R$ 0,00"
2013,Ribeirão,2611804,NORMAL,CANA,996,962,"R$ 803577,45"
2014,Ribeirão,2611804,NORMAL,CANA,1056,1037,"R$ 842071,95"
2015,Ribeirão,2611804,NORMAL,CANA,970,963,"R$ 807899,00"
2016,Ribeirão,2611804,NORMAL,CANA,1011,999,"R$ 878833,25"
2017,Ribeirão,2611804,NORMAL,CANA,1143,1138,"R$ 1003300,40"
2018,Ribeirão,2611804,NORMAL,CANA,1290,1277,"R$ 1231112,50"
2019,Ribeirão,2611804,NORMAL,CANA,1251,1073,"R$ 1114131,60"
2020,Ribeirão,2611804,NORMAL,CANA,1251,1070,"R$ 1114131,60"
2021,Ribeirão,2611804,NORMAL,CANA,1251,1058,"R$ 1093326,80"
2013,Rio Formoso,2611903,NORMAL,CANA,864,829,"R$ 688366,30"
2014,Rio Formoso,2611903,NORMAL,CANA,904,862,"R$ 681828,95"
2015,Rio Formoso,2611903,NORMAL,CANA,817,809,"R$ 644093,95"
2016,Rio Formoso,2611903,NORMAL,CANA,887,877,"R$ 753284,65"
2017,Rio Formoso,2611903,NORMAL,CANA,957,952,"R$ 822133,80"
2018,Rio Formoso,2611903,NORMAL,CANA,897,891,"R$ 826356,90"
2019,Rio Formoso,2611903,NORMAL,CANA,968,924,"R$ 962232,00"
2020,Rio Formoso,2611903,NORMAL,CANA,968,920,"R$ 962232,00"
2021,Rio Formoso,2611903,NORMAL,CANA,968,903,"R$ 927911,60"
2012,Rio Formoso,2611903,NORMAL,PESCA,,,"R$ 154188,00"
2013,Rio Formoso,2611903,NORMAL,PESCA,235,228,"R$ 167362,16"
2014,Rio Formoso,2611903,NORMAL,PESCA,247,246,"R$ 170699,36"
2015,Rio Formoso,2611903,NORMAL,PESCA,231,231,"R$ 153578,60"
2016,Rio Formoso,2611903,NORMAL,PESCA,199,179,"R$ 127236,84"
2017,Rio Formoso,2611903,NORMAL,PESCA,174,174,"R$ 120067,84"
2018,Rio Formoso,2611903,NORMAL,PESCA,155,155,"R$ 115665,60"
2019,Rio Formoso,2611903,NORMAL,PESCA,125,110,"R$ 87226,80"
2020,Rio Formoso,2611903,NORMAL,PESCA,125,124,"R$ 95252,40"
2021,Rio Formoso,2611903,NORMAL,PESCA,125,123,"R$ 96144,40"
2013,Santa Maria da Boa Vista,2612604,NORMAL,FRUTA,163,159,"R$ 106089,60"
2014,Santa Maria da Boa Vista,2612604,NORMAL,FRUTA,129,126,"R$ 83537,70"
2015,Santa Maria da Boa Vista,2612604,NORMAL,FRUTA,75,74,"R$ 53731,45"
2016,Santa Maria da Boa Vista,2612604,NORMAL,FRUTA,101,98,"R$ 69217,80"
2017,Santa Maria da Boa Vista,2612604,NORMAL,FRUTA,71,71,"R$ 50009,00"
2018,Santa Maria da Boa Vista,2612604,NORMAL,FRUTA,51,51,"R$ 39990,40"
2019,Santa Maria da Boa Vista,2612604,NORMAL,FRUTA,48,48,"R$ 42002,80"
2020,Santa Maria da Boa Vista,2612604,NORMAL,FRUTA,23,22,"R$ 42002,80"
2021,Santa Maria da Boa Vista,2612604,NORMAL,FRUTA,23,21,"R$ 18310,40"
2022,Santa Maria da Boa Vista,2612604,NORMAL,FRUTA,21,21,"R$ 10536,00"
2012,Santa Maria da Boa Vista,2612604,NORMAL,PESCA,,,"R$ 160485,50"
2013,Santa Maria da Boa Vista,2612604,NORMAL,PESCA,408,402,"R$ 318678,40"
2014,Santa Maria da Boa Vista,2612604,NORMAL,PESCA,536,503,"R$ 366430,40"
2015,Santa Maria da Boa Vista,2612604,NORMAL,PESCA,603,601,"R$ 419855,60"
2016,Santa Maria da Boa Vista,2612604,NORMAL,PESCA,25,22,"R$ 14655,20"
2017,Santa Maria da Boa Vista,2612604,NORMAL,PESCA,18,18,"R$ 14503,04"
2018,Santa Maria da Boa Vista,2612604,NORMAL,PESCA,226,36,"R$ 30763,60"
2019,Santa Maria da Boa Vista,2612604,NORMAL,PESCA,43,9,"R$ 6462,80"
2020,Santa Maria da Boa Vista,2612604,NORMAL,PESCA,43,9,"R$ 6901,60"
2021,Santa Maria da Boa Vista,2612604,NORMAL,PESCA,43,9,"R$ 6506,00"
2013,São Benedito do Sul,2612901,NORMAL,CANA,497,490,"R$ 370677,60"
2014,São Benedito do Sul,2612901,NORMAL,CANA,488,476,"R$ 336311,80"
2015,São Benedito do Sul,2612901,NORMAL,CANA,389,389,"R$ 270952,15"
2016,São Benedito do Sul,2612901,NORMAL,CANA,326,326,"R$ 243617,20"
2017,São Benedito do Sul,2612901,NORMAL,CANA,330,330,"R$ 250131,20"
2018,São Benedito do Sul,2612901,NORMAL,CANA,346,345,"R$ 273366,80"
2019,São Benedito do Sul,2612901,NORMAL,CANA,267,243,"R$ 243930,80"
2020,São Benedito do Sul,2612901,NORMAL,CANA,267,244,"R$ 243930,80"
2021,São Benedito do Sul,2612901,NORMAL,CANA,267,244,"R$ 243367,60"
2013,São José da Coroa Grande,2613404,NORMAL,CANA,325,318,"R$ 253257,15"
2014,São José da Coroa Grande,2613404,NORMAL,CANA,355,352,"R$ 263410,55"
2015,São José da Coroa Grande,2613404,NORMAL,CANA,331,331,"R$ 262389,25"
2016,São José da Coroa Grande,2613404,NORMAL,CANA,286,284,"R$ 233781,40"
2017,São José da Coroa Grande,2613404,NORMAL,CANA,259,258,"R$ 212016,40"
2018,São José da Coroa Grande,2613404,NORMAL,CANA,235,234,"R$ 216826,40"
2019,São José da Coroa Grande,2613404,NORMAL,CANA,243,220,"R$ 232093,20"
2020,São José da Coroa Grande,2613404,NORMAL,CANA,243,220,"R$ 232093,20"
2021,São José da Coroa Grande,2613404,NORMAL,CANA,243,218,"R$ 228896,80"
2012,São José da Coroa Grande,2613404,NORMAL,PESCA,,,"R$ 345148,00"
2013,São José da Coroa Grande,2613404,NORMAL,PESCA,532,508,"R$ 361747,64"
2014,São José da Coroa Grande,2613404,NORMAL,PESCA,573,560,"R$ 379469,60"
2015,São José da Coroa Grande,2613404,NORMAL,PESCA,583,583,"R$ 398059,84"
2016,São José da Coroa Grande,2613404,NORMAL,PESCA,513,505,"R$ 364982,76"
2017,São José da Coroa Grande,2613404,NORMAL,PESCA,426,426,"R$ 312199,04"
2018,São José da Coroa Grande,2613404,NORMAL,PESCA,406,406,"R$ 323536,40"
2019,São José da Coroa Grande,2613404,NORMAL,PESCA,380,342,"R$ 284898,80"
2020,São José da Coroa Grande,2613404,NORMAL,PESCA,380,368,"R$ 296892,60"
2021,São José da Coroa Grande,2613404,NORMAL,PESCA,380,365,"R$ 302583,20"
2013,São Lourenço da Mata,2613701,NORMAL,CANA,310,305,"R$ 250851,50"
2014,São Lourenço da Mata,2613701,NORMAL,CANA,286,279,"R$ 220206,00"
2015,São Lourenço da Mata,2613701,NORMAL,CANA,337,335,"R$ 274447,45"
2016,São Lourenço da Mata,2613701,NORMAL,CANA,478,476,"R$ 416435,00"
2017,São Lourenço da Mata,2613701,NORMAL,CANA,579,577,"R$ 511289,00"
2018,São Lourenço da Mata,2613701,NORMAL,CANA,561,560,"R$ 548057,60"
2019,São Lourenço da Mata,2613701,NORMAL,CANA,467,462,"R$ 491106,40"
2020,São Lourenço da Mata,2613701,NORMAL,CANA,467,460,"R$ 491106,40"
2021,São Lourenço da Mata,2613701,NORMAL,CANA,467,457,"R$ 482056,40"
2013,São Vicente Ferrer,"",NORMAL,CANA,117,116,"R$ 85312,05"
2014,São Vicente Ferrer,"",NORMAL,CANA,33,33,"R$ 24542,80"
2015,São Vicente Ferrer,"",NORMAL,CANA,142,142,"R$ 92925,80"
2016,São Vicente Ferrer,"",NORMAL,CANA,152,151,"R$ 108695,85"
2017,São Vicente Ferrer,"",NORMAL,CANA,123,123,"R$ 87432,80"
2018,São Vicente Ferrer,"",NORMAL,CANA,119,119,"R$ 94436,40"
2019,São Vicente Férrer,2613800,NORMAL,CANA,108,104,"R$ 108792,80"
2020,São Vicente Férrer,2613800,NORMAL,CANA,108,106,"R$ 108792,80"
2021,São Vicente Férrer,2613800,NORMAL,CANA,108,106,"R$ 111261,60"
2012,Serra Talhada,2613909,NORMAL,PESCA,,,"R$ 21012,50"
2013,Serra Talhada,2613909,NORMAL,PESCA,61,57,"R$ 40617,60"
2014,Serra Talhada,2613909,NORMAL,PESCA,92,86,"R$ 53550,56"
2015,Serra Talhada,2613909,NORMAL,PESCA,74,74,"R$ 51446,32"
2016,Serra Talhada,2613909,NORMAL,PESCA,1,1,"R$ 438,08"
2012,Serrita,2614006,NORMAL,PESCA,,,"R$ 10566,00"
2013,Serrita,2614006,NORMAL,PESCA,14,14,"R$ 10638,88"
2014,Serrita,2614006,NORMAL,PESCA,11,11,"R$ 6562,40"
2013,Sirinhaém,2614204,NORMAL,CANA,1178,1116,"R$ 948926,00"
2014,Sirinhaém,2614204,NORMAL,CANA,1268,1207,"R$ 979820,60"
2015,Sirinhaém,2614204,NORMAL,CANA,1235,1229,"R$ 1024911,20"
2016,Sirinhaém,2614204,NORMAL,CANA,1290,1286,"R$ 1121329,25"
2017,Sirinhaém,2614204,NORMAL,CANA,1376,1374,"R$ 1174488,20"
2018,Sirinhaém,2614204,NORMAL,CANA,1245,1242,"R$ 1155318,80"
2019,Sirinhaém,2614204,NORMAL,CANA,1200,1108,"R$ 1172326,00"
2020,Sirinhaém,2614204,NORMAL,CANA,1200,1107,"R$ 1172326,00"
2021,Sirinhaém,2614204,NORMAL,CANA,1200,1093,"R$ 1149518,80"
2012,Sirinhaém,2614204,NORMAL,PESCA,,,"R$ 241429,00"
2013,Sirinhaém,2614204,NORMAL,PESCA,426,410,"R$ 300800,00"
2014,Sirinhaém,2614204,NORMAL,PESCA,631,605,"R$ 432263,32"
2015,Sirinhaém,2614204,NORMAL,PESCA,683,679,"R$ 476748,38"
2016,Sirinhaém,2614204,NORMAL,PESCA,440,419,"R$ 296562,96"
2017,Sirinhaém,2614204,NORMAL,PESCA,370,370,"R$ 257620,64"
2018,Sirinhaém,2614204,NORMAL,PESCA,374,374,"R$ 299715,20"
2019,Sirinhaém,2614204,NORMAL,PESCA,308,216,"R$ 182033,50"
2020,Sirinhaém,2614204,NORMAL,PESCA,308,286,"R$ 233058,50"
2021,Sirinhaém,2614204,NORMAL,PESCA,308,280,"R$ 228468,00"
2013,Tamandaré,2614857,NORMAL,CANA,407,387,"R$ 310495,40"
2014,Tamandaré,2614857,NORMAL,CANA,390,367,"R$ 289185,75"
2015,Tamandaré,2614857,NORMAL,CANA,415,412,"R$ 328722,40"
2016,Tamandaré,2614857,NORMAL,CANA,470,464,"R$ 382047,40"
2017,Tamandaré,2614857,NORMAL,CANA,408,407,"R$ 337797,20"
2018,Tamandaré,2614857,NORMAL,CANA,410,408,"R$ 368845,60"
2019,Tamandaré,2614857,NORMAL,CANA,350,335,"R$ 346864,00"
2020,Tamandaré,2614857,NORMAL,CANA,350,338,"R$ 346864,00"
2021,Tamandaré,2614857,NORMAL,CANA,350,336,"R$ 340017,20"
2012,Tamandaré,2614857,NORMAL,PESCA,,,"R$ 100625,50"
2013,Tamandaré,2614857,NORMAL,PESCA,154,147,"R$ 110487,76"
2014,Tamandaré,2614857,NORMAL,PESCA,215,206,"R$ 146005,36"
2015,Tamandaré,2614857,NORMAL,PESCA,240,239,"R$ 172520,80"
2016,Tamandaré,2614857,NORMAL,PESCA,171,171,"R$ 128331,28"
2017,Tamandaré,2614857,NORMAL,PESCA,149,149,"R$ 105680,48"
2018,Tamandaré,2614857,NORMAL,PESCA,151,151,"R$ 121504,00"
2019,Tamandaré,2614857,NORMAL,PESCA,7,5,"R$ 5618,00"
2020,Tamandaré,2614857,NORMAL,PESCA,7,7,"R$ 7181,20"
2021,Tamandaré,2614857,NORMAL,PESCA,7,6,"R$ 6385,60"
2013,Timbaúba,2615300,NORMAL,CANA,1262,1230,"R$ 982507,25"
2014,Timbaúba,2615300,NORMAL,CANA,900,877,"R$ 675747,95"
2015,Timbaúba,2615300,NORMAL,CANA,910,909,"R$ 699534,65"
2016,Timbaúba,2615300,NORMAL,CANA,905,905,"R$ 740590,00"
2017,Timbaúba,2615300,NORMAL,CANA,951,947,"R$ 749308,80"
2018,Timbaúba,2615300,NORMAL,CANA,824,823,"R$ 736898,80"
2019,Timbaúba,2615300,NORMAL,CANA,681,654,"R$ 697809,20"
2020,Timbaúba,2615300,NORMAL,CANA,681,657,"R$ 697809,20"
2021,Timbaúba,2615300,NORMAL,CANA,681,646,"R$ 686734,40"
2013,Tracunhaém,2615508,NORMAL,CANA,274,269,"R$ 227701,75"
2014,Tracunhaém,2615508,NORMAL,CANA,248,243,"R$ 206559,05"
2015,Tracunhaém,2615508,NORMAL,CANA,271,271,"R$ 233722,60"
2016,Tracunhaém,2615508,NORMAL,CANA,214,213,"R$ 187968,20"
2017,Tracunhaém,2615508,NORMAL,CANA,358,353,"R$ 307837,40"
2018,Tracunhaém,2615508,NORMAL,CANA,334,334,"R$ 321773,20"
2019,Tracunhaém,2615508,NORMAL,CANA,338,327,"R$ 349710,80"
2020,Tracunhaém,2615508,NORMAL,CANA,338,330,"R$ 349710,80"
2021,Tracunhaém,2615508,NORMAL,CANA,338,327,"R$ 348082,00"
2012,Venturosa,2616001,NORMAL,PESCA,,,"R$ 57390,00"
2013,Venturosa,2616001,NORMAL,PESCA,106,96,"R$ 67645,40"
2014,Venturosa,2616001,NORMAL,PESCA,95,95,"R$ 65211,36"
2015,Venturosa,2616001,NORMAL,PESCA,94,93,"R$ 57458,56"
2016,Venturosa,2616001,NORMAL,PESCA,60,60,"R$ 37521,12"
2017,Venturosa,2616001,NORMAL,PESCA,67,67,"R$ 42998,88"
2018,Venturosa,2616001,NORMAL,PESCA,55,55,"R$ 38068,40"
2019,Venturosa,2616001,NORMAL,PESCA,45,24,"R$ 18001,20"
2020,Venturosa,2616001,NORMAL,PESCA,45,29,"R$ 24049,50"
2021,Venturosa,2616001,NORMAL,PESCA,45,19,"R$ 15718,40"
2013,Vicência,2616308,NORMAL,CANA,1349,1312,"R$ 1034877,00"
2014,Vicência,2616308,NORMAL,CANA,1129,1098,"R$ 1064536,00"
2015,Vicência,2616308,NORMAL,CANA,1106,1100,"R$ 803994,95"
2016,Vicência,2616308,NORMAL,CANA,1118,1109,"R$ 849510,80"
2017,Vicência,2616308,NORMAL,CANA,1096,1091,"R$ 810554,60"
2018,Vicência,2616308,NORMAL,CANA,1081,1074,"R$ 926841,60"
2019,Vicência,2616308,NORMAL,CANA,933,914,"R$ 943442,40"
2020,Vicência,2616308,NORMAL,CANA,933,921,"R$ 943442,40"
2021,Vicência,2616308,NORMAL,CANA,933,917,"R$ 941735,60"
2013,Vitória de Santo Antão,2616407,NORMAL,CANA,317,314,"R$ 265695,45"
2014,Vitória de Santo Antão,2616407,NORMAL,CANA,195,193,"R$ 163432,20"
2015,Vitória de Santo Antão,2616407,NORMAL,CANA,376,371,"R$ 304752,80"
2016,Vitória de Santo Antão,2616407,NORMAL,CANA,383,382,"R$ 332541,20"
2017,Vitória de Santo Antão,2616407,NORMAL,CANA,376,376,"R$ 335322,60"
2018,Vitória de Santo Antão,2616407,NORMAL,CANA,314,314,"R$ 305442,40"
2019,Vitória de Santo Antão,2616407,NORMAL,CANA,315,293,"R$ 307735,60"
2020,Vitória de Santo Antão,2616407,NORMAL,CANA,315,294,"R$ 307735,60"
2021,Vitória de Santo Antão,2616407,NORMAL,CANA,315,294,"R$ 312352,80"
2013,Xexéu,2616506,NORMAL,CANA,605,593,"R$ 504683,95"
2014,Xexéu,2616506,NORMAL,CANA,631,619,"R$ 529657,45"
2015,Xexéu,2616506,NORMAL,CANA,740,736,"R$ 633673,35"
2016,Xexéu,2616506,NORMAL,CANA,791,791,"R$ 710926,85"
2017,Xexéu,2616506,NORMAL,CANA,981,980,"R$ 887936,80"
2018,Xexéu,2616506,NORMAL,CANA,863,863,"R$ 856296,00"
2019,Xexéu,2616506,NORMAL,CANA,585,523,"R$ 549869,20"
2020,Xexéu,2616506,NORMAL,CANA,585,525,"R$ 549869,20"
2021,Xexéu,2616506,NORMAL,CANA,585,522,"R$ 548804,00"
